{
  "global_wer": 0.1285686158692656,
  "global_insertions": 568,
  "global_deletions": 281,
  "global_substitutions": 457,
  "total_calls_processed": 23,
  "total_ref_characters": 56805,
  "total_hyp_characters": 58921,
  "individual_call_wers": [
    0.20930232558139536,
    0.16864608076009502,
    0.18706047819971872,
    0.14754098360655737,
    0.06613226452905811,
    0.18466898954703834,
    0.14711033274956217,
    0.4682926829268293,
    0.10359408033826638,
    0.04914004914004914,
    0.012578616352201259,
    0.10218978102189781,
    0.06693711967545639,
    0.24208860759493672,
    0.1484848484848485,
    0.06451612903225806,
    0.09932659932659933,
    0.07635009310986965,
    0.05807622504537205,
    0.07789473684210527,
    0.1580547112462006,
    0.0851063829787234,
    0.1048951048951049
  ]
}