{
  "global_wer": 0.245120780675092,
  "global_insertions": 1859,
  "global_deletions": 3686,
  "global_substitutions": 584,
  "total_calls_processed": 53,
  "total_ref_characters": 137780,
  "total_hyp_characters": 128701,
  "total_ref_words": 25004,
  "total_hyp_words": 23177,
  "individual_call_wers": [
    0.18604651162790697,
    0.15384615384615385,
    0.10437235543018336,
    0.024793388429752067,
    0.06012024048096192,
    0.15331010452961671,
    0.11170212765957446,
    0.5543859649122806,
    0.018666666666666668,
    0.03382663847780127,
    0.03201970443349754,
    0.0,
    0.06934306569343066,
    0.02240325865580448,
    0.1045958795562599,
    0.11212121212121212,
    0.04,
    0.5016611295681063,
    0.018518518518518517,
    0.6599616858237548,
    0.016363636363636365,
    0.03805496828752643,
    0.16025641025641027,
    0.1148036253776435,
    0.046296296296296294,
    0.014925373134328358,
    0.0351288056206089,
    0.18604651162790697,
    0.15903614457831325,
    0.10437235543018336,
    0.07936507936507936,
    0.06012024048096192,
    0.15331010452961671,
    0.11743772241992882,
    0.5532163742690058,
    0.018666666666666668,
    0.02748414376321353,
    0.03201970443349754,
    0.0,
    0.06204379562043796,
    0.02240325865580448,
    0.1045958795562599,
    0.11212121212121212,
    0.04,
    0.5016611295681063,
    0.018518518518518517,
    0.6599616858237548,
    0.04008438818565401,
    0.16025641025641027,
    0.1148036253776435,
    0.046296296296296294,
    0.021321961620469083,
    0.0351288056206089
  ],
  "average_individual_wer": 0.1286376554066695,
  "note": "Global WER calculated from concatenated bot-only canonical transcripts"
}