{
  "global_wer": 0.11729667812142039,
  "global_insertions": 470,
  "global_deletions": 193,
  "global_substitutions": 361,
  "total_calls_processed": 19,
  "total_ref_characters": 49110,
  "total_hyp_characters": 51192,
  "individual_call_wers": [
    0.1828978622327791,
    0.12517580872011252,
    0.03937007874015748,
    0.056112224448897796,
    0.15693430656934307,
    0.10157618213660245,
    0.43902439024390244,
    0.080338266384778,
    0.04668304668304668,
    0.014675052410901468,
    0.06934306569343066,
    0.07302231237322515,
    0.11550632911392406,
    0.03494623655913978,
    0.0782122905027933,
    0.029038112522686024,
    0.06947368421052631,
    0.06170212765957447,
    0.10023310023310024
  ]
}