{
  "global_wer": 0.25861633100193815,
  "global_insertions": 1841,
  "global_deletions": 931,
  "global_substitutions": 297,
  "total_calls_processed": 27,
  "total_ref_characters": 65957,
  "total_hyp_characters": 70466,
  "total_ref_words": 11867,
  "total_hyp_words": 12777,
  "individual_call_wers": [
    0.16336633663366337,
    0.1504237288135593,
    0.11234396671289876,
    0.024193548387096774,
    0.06813627254509018,
    0.16666666666666666,
    0.11745513866231648,
    0.9603960396039604,
    0.037037037037037035,
    0.036093418259023353,
    0.0343980343980344,
    1.0,
    0.09342560553633218,
    0.02663934426229508,
    0.11428571428571428,
    0.13559322033898305,
    0.06382978723404255,
    0.9967532467532467,
    0.027777777777777776,
    1.9329608938547487,
    0.03272727272727273,
    0.045454545454545456,
    0.1724137931034483,
    0.1415929203539823,
    0.08656716417910448,
    0.04525862068965517,
    0.03926096997690531
  ],
  "average_individual_wer": 0.25277966904620003,
  "note": "Global WER calculated from concatenated bot-only canonical transcripts"
}