{
  "global_wer": 0.11934510986643689,
  "global_insertions": 193,
  "global_deletions": 493,
  "global_substitutions": 422,
  "total_calls_processed": 21,
  "total_ref_characters": 52461,
  "total_hyp_characters": 50257,
  "individual_call_wers": [
    0.19597989949748743,
    0.16596638655462184,
    0.13892709766162312,
    0.13953488372093023,
    0.06613226452905811,
    0.1737704918032787,
    0.35236220472440943,
    0.1,
    0.07263922518159806,
    0.0440251572327044,
    0.12110726643598616,
    0.10039370078740158,
    0.15198618307426598,
    0.1388101983002833,
    0.058823529411764705,
    0.09981515711645102,
    0.059245960502693,
    0.04564315352697095,
    0.14912280701754385,
    0.08830022075055188,
    0.0947136563876652
  ]
}